cabinet,fortune,cabinet,fortune,cabinet,justify,withdraw,platform
broken,strategic,broken,strategic,broken,protest,deck,finance
apple,assistant,apple,assistant,apple,crash,similarly,sink
electric,overcome,electric,overcome,electric,craft,newly,attractive
proceed,remarkable,proceed,remarkable,proceed,treaty,pole,diverse
bet,occupy,bet,occupy,bet,terrorist,testify,relevant
literary,statistics,literary,statistics,literary,insight,mode,ideal
virus,shopping,virus,shopping,virus,possess,dialogue,joy
stupid,cousin,stupid,cousin,stupid,politically,imply,regularly
dispute,encounter,dispute,encounter,dispute,tap,naturally,working
wipe,incentive,odd,gently,fiction,boundary,mutual,singer
initially,slave,rice,champion,detect,pause,founder,evolve
blind,translate,bullet,scenario,tremendous,remote,advanced,shooting
port,accurate,tight,telescope,lifetime,satisfaction,pride,partly
electricity,whereas,Bible,reflection,recommendation,journal,dismiss,unknown
genetic,terror,chart,revolution,senator,bench,aircraft,offense
adviser,expansion,solar,strip,hunting,lover,delivery,counter
spokesman,elite,square,interpret,salad,raw,mainly,DNA
retain,Olympic,concentration,friendly,guarantee,awareness,bake,potentially
latter,dirt,complicated,tournament,innocent,surprising,freeze,thirty
fortune,extensive,,,,,,
strategic,episode,,,,,,
assistant,swim,,,,,,
overcome,tire,,,,,,
remarkable,fault,,,,,,
occupy,loose,,,,,,
statistics,shortly,,,,,,
shopping,originally,,,,,,
cousin,considerable,,,,,,
